task,variant,train_setting,test_setting,tn,fp,fn,tp
sentiment,Sent_Google,Google,TEST_FULL.csv,526,85,33,568
sentiment,Sent_Google,Google,TEST_google.csv,122,31,7,443
sentiment,Sent_Google,Google,TEST_reddit.csv,403,55,25,126
sentiment,Sent_Google,Google,TEST_en-au.csv,175,23,13,160
sentiment,Sent_Google,Google,TEST_en-in.csv,184,45,17,209
sentiment,Sent_Google,Google,TEST_en-uk.csv,167,17,3,199
sentiment,Sent_Reddit,Reddit,TEST_FULL.csv,574,37,73,528
sentiment,Sent_Reddit,Reddit,TEST_google.csv,125,28,22,428
sentiment,Sent_Reddit,Reddit,TEST_reddit.csv,449,9,51,100
sentiment,Sent_Reddit,Reddit,TEST_en-au.csv,195,3,26,147
sentiment,Sent_Reddit,Reddit,TEST_en-in.csv,202,27,37,189
sentiment,Sent_Reddit,Reddit,TEST_en-uk.csv,178,6,10,192
sentiment,Sent_enAU,TRAIN_en-AU,TEST_FULL.csv,567,44,62,539
sentiment,Sent_enAU,TRAIN_en-AU,TEST_google.csv,117,36,4,446
sentiment,Sent_enAU,TRAIN_en-AU,TEST_reddit.csv,450,8,57,94
sentiment,Sent_enAU,TRAIN_en-AU,TEST_en-au.csv,192,6,25,148
sentiment,Sent_enAU,TRAIN_en-AU,TEST_en-in.csv,200,29,30,196
sentiment,Sent_enAU,TRAIN_en-AU,TEST_en-uk.csv,175,9,6,196
sentiment,Sent_enIN,TRAIN_en-IN,TEST_FULL.csv,576,35,74,527
sentiment,Sent_enIN,TRAIN_en-IN,TEST_google.csv,137,16,29,421
sentiment,Sent_enIN,TRAIN_en-IN,TEST_reddit.csv,439,19,46,105
sentiment,Sent_enIN,TRAIN_en-IN,TEST_en-au.csv,189,9,26,147
sentiment,Sent_enIN,TRAIN_en-IN,TEST_en-in.csv,208,21,37,189
sentiment,Sent_enIN,TRAIN_en-IN,TEST_en-uk.csv,179,5,12,190
sentiment,Sent_enUK,TRAIN_en-UK,TEST_FULL.csv,543,68,44,557
sentiment,Sent_enUK,TRAIN_en-UK,TEST_google.csv,118,35,7,443
sentiment,Sent_enUK,TRAIN_en-UK,TEST_reddit.csv,425,33,37,114
sentiment,Sent_enUK,TRAIN_en-UK,TEST_en-au.csv,179,19,19,154
sentiment,Sent_enUK,TRAIN_en-UK,TEST_en-in.csv,191,38,19,207
sentiment,Sent_enUK,TRAIN_en-UK,TEST_en-uk.csv,173,11,7,195
sarcasm,Sarc_enAU,TRAIN_en-AU,TEST_FULL.csv,149,300,11,152
sarcasm,Sarc_enAU,TRAIN_en-AU,TEST_en-au.csv,78,62,8,93
sarcasm,Sarc_enAU,TRAIN_en-AU,TEST_en-in.csv,53,146,3,28
sarcasm,Sarc_enAU,TRAIN_en-AU,TEST_en-uk.csv,18,92,0,31
sentiment,PRETRAINED_BASELINE,NONE,TEST_FULL,438,173,49,552
sentiment,PRETRAINED_BASELINE,NONE,TEST_google,128,25,30,420
sentiment,PRETRAINED_BASELINE,NONE,TEST_reddit,310,148,19,132
sentiment,PRETRAINED_BASELINE,NONE,TEST_en-au,135,63,11,162
sentiment,PRETRAINED_BASELINE,NONE,TEST_en-in,151,78,26,200
sentiment,PRETRAINED_BASELINE,NONE,TEST_en-uk,152,32,12,190
sarcasm,PRETRAINED_BASELINE,NONE,TEST_FULL,1,448,1,162
sarcasm,PRETRAINED_BASELINE,NONE,TEST_en-au,0,140,1,100
sarcasm,PRETRAINED_BASELINE,NONE,TEST_en-in,1,198,0,31
sarcasm,PRETRAINED_BASELINE,NONE,TEST_en-uk,0,110,0,31
sarcasm,Sarc_FULL,FULL,TEST_FULL.csv,347,102,52,111
sarcasm,Sarc_FULL,FULL,TEST_en-au.csv,94,46,22,79
sarcasm,Sarc_FULL,FULL,TEST_en-in.csv,181,18,24,7
sarcasm,Sarc_FULL,FULL,TEST_en-uk.csv,71,39,7,24
sarcasm,Sarc_enUK,TRAIN_en-UK,TEST_FULL.csv,449,0,163,0
sarcasm,Sarc_enUK,TRAIN_en-UK,TEST_en-au.csv,140,0,101,0
sarcasm,Sarc_enUK,TRAIN_en-UK,TEST_en-in.csv,199,0,31,0
sarcasm,Sarc_enUK,TRAIN_en-UK,TEST_en-uk.csv,110,0,31,0
sarcasm,Sarc_enIN,TRAIN_en-IN,TEST_FULL.csv,449,0,163,0
sarcasm,Sarc_enIN,TRAIN_en-IN,TEST_en-au.csv,140,0,101,0
sarcasm,Sarc_enIN,TRAIN_en-IN,TEST_en-in.csv,199,0,31,0
sarcasm,Sarc_enIN,TRAIN_en-IN,TEST_en-uk.csv,110,0,31,0