task,train_setting,variant,test_setting,split,n,acc,precision,recall,macro_f1,threshold_type,threshold
sentiment,FULL,roberta_extension_mixture_of_adapters,TEST_FULL,test,1212,0.8853135313531353,0.8872731350304675,0.8856120867838926,0.8852178107662299,fixed0.5,0.5
sentiment,FULL,roberta_extension_mixture_of_adapters,TEST_Google,test,603,0.9054726368159204,0.8943421052631579,0.848235294117647,0.8677657016447051,fixed0.5,0.5
sentiment,FULL,roberta_extension_mixture_of_adapters,TEST_Reddit,test,609,0.8653530377668309,0.8154890651285749,0.8416741374822869,0.8269118788819876,fixed0.5,0.5
sentiment,FULL,roberta_extension_mixture_of_adapters,TEST_en-AU,test,371,0.9137466307277629,0.9131724338470486,0.914812868570094,0.9135651464849437,fixed0.5,0.5
sentiment,FULL,roberta_extension_mixture_of_adapters,TEST_en-IN,test,455,0.8131868131868132,0.8197738554881412,0.8136569154075047,0.8123711340206186,fixed0.5,0.5
sentiment,FULL,roberta_extension_mixture_of_adapters,TEST_en-UK,test,386,0.9430051813471503,0.9434466019417476,0.942396685320706,0.9428194354664943,fixed0.5,0.5
sentiment,Google,roberta_extension_mixture_of_adapters,TEST_FULL,test,1212,0.8935643564356436,0.8938698779424585,0.8936864636407951,0.8935584870746965,fixed0.5,0.5
sentiment,Google,roberta_extension_mixture_of_adapters,TEST_Google,test,603,0.9170812603648425,0.8959268182502635,0.8818954248366013,0.8885743429027585,fixed0.5,0.5
sentiment,Google,roberta_extension_mixture_of_adapters,TEST_Reddit,test,609,0.8702791461412152,0.8230797912005965,0.8382905809884612,0.8301555080931284,fixed0.5,0.5
sentiment,Google,roberta_extension_mixture_of_adapters,TEST_en-AU,test,371,0.9083557951482479,0.908591598804851,0.9072079173235242,0.9077923976608187,fixed0.5,0.5
sentiment,Google,roberta_extension_mixture_of_adapters,TEST_en-IN,test,455,0.8417582417582418,0.8433632095603927,0.8419832283494996,0.8416289592760181,fixed0.5,0.5
sentiment,Google,roberta_extension_mixture_of_adapters,TEST_en-UK,test,386,0.9404145077720207,0.941515962479388,0.9394371502367628,0.9401635090415243,fixed0.5,0.5
sentiment,Reddit,roberta_extension_mixture_of_adapters,TEST_FULL,test,1212,0.8704620462046204,0.883373831460295,0.8712225396298041,0.8695196919774949,fixed0.5,0.5
sentiment,Reddit,roberta_extension_mixture_of_adapters,TEST_Google,test,603,0.8888888888888888,0.9302405119152692,0.7832026143790849,0.8262808247156709,fixed0.5,0.5
sentiment,Reddit,roberta_extension_mixture_of_adapters,TEST_Reddit,test,609,0.8522167487684729,0.8010234097315847,0.8551360652419098,0.8195852534562211,fixed0.5,0.5
sentiment,Reddit,roberta_extension_mixture_of_adapters,TEST_en-AU,test,371,0.9029649595687331,0.9075756690428889,0.9072663046651486,0.9029642545771578,fixed0.5,0.5
sentiment,Reddit,roberta_extension_mixture_of_adapters,TEST_en-IN,test,455,0.7934065934065934,0.8200689133540634,0.7943540595895969,0.7893684500827358,fixed0.5,0.5
sentiment,Reddit,roberta_extension_mixture_of_adapters,TEST_en-UK,test,386,0.9300518134715026,0.9369858868194448,0.9273568661213947,0.9293303949822004,fixed0.5,0.5
sentiment,TRAIN_en-AU,roberta_extension_mixture_of_adapters,TEST_FULL,test,1212,0.8894389438943895,0.8915101694683426,0.8897445882612449,0.8893413134484563,fixed0.5,0.5
sentiment,TRAIN_en-AU,roberta_extension_mixture_of_adapters,TEST_Google,test,603,0.9187396351575456,0.9242236024844721,0.8571241830065359,0.8839970319069997,fixed0.5,0.5
sentiment,TRAIN_en-AU,roberta_extension_mixture_of_adapters,TEST_Reddit,test,609,0.8604269293924466,0.8101603178953138,0.8273012522050955,0.8180140273163529,fixed0.5,0.5
sentiment,TRAIN_en-AU,roberta_extension_mixture_of_adapters,TEST_en-AU,test,371,0.9056603773584906,0.9051286539471382,0.9054125065685759,0.905263925874585,fixed0.5,0.5
sentiment,TRAIN_en-AU,roberta_extension_mixture_of_adapters,TEST_en-IN,test,455,0.8263736263736263,0.8332184225041368,0.8268443018897089,0.8256155245603396,fixed0.5,0.5
sentiment,TRAIN_en-AU,roberta_extension_mixture_of_adapters,TEST_en-UK,test,386,0.9481865284974094,0.9509889154531623,0.9466207490314249,0.9478716508210889,fixed0.5,0.5
sentiment,TRAIN_en-IN,roberta_extension_mixture_of_adapters,TEST_FULL,test,1212,0.8927392739273927,0.8938146667723101,0.8925277292891554,0.8926223162394095,fixed0.5,0.5
sentiment,TRAIN_en-IN,roberta_extension_mixture_of_adapters,TEST_Google,test,603,0.9071310116086235,0.886744914413297,0.8622875816993465,0.8734750157369384,fixed0.5,0.5
sentiment,TRAIN_en-IN,roberta_extension_mixture_of_adapters,TEST_Reddit,test,609,0.8784893267651889,0.8711416018170309,0.7882602157378755,0.8180474806201551,fixed0.5,0.5
sentiment,TRAIN_en-IN,roberta_extension_mixture_of_adapters,TEST_en-AU,test,371,0.9110512129380054,0.9162194394752534,0.9075436445378642,0.9098964504662306,fixed0.5,0.5
sentiment,TRAIN_en-IN,roberta_extension_mixture_of_adapters,TEST_en-IN,test,455,0.8351648351648352,0.835727839522906,0.8350272442709743,0.8350501012659451,fixed0.5,0.5
sentiment,TRAIN_en-IN,roberta_extension_mixture_of_adapters,TEST_en-UK,test,386,0.9430051813471503,0.942698259187621,0.9433652604390874,0.9429301075268817,fixed0.5,0.5
sentiment,TRAIN_en-UK,roberta_extension_mixture_of_adapters,TEST_FULL,test,1212,0.8886138613861386,0.8893638626834381,0.888436076261332,0.8885208953484965,fixed0.5,0.5
sentiment,TRAIN_en-UK,roberta_extension_mixture_of_adapters,TEST_Google,test,603,0.9154228855721394,0.904965257672264,0.865686274509804,0.8828390193725355,fixed0.5,0.5
sentiment,TRAIN_en-UK,roberta_extension_mixture_of_adapters,TEST_Reddit,test,609,0.8620689655172413,0.8450396825396825,0.7640258538419271,0.7922784563409564,fixed0.5,0.5
sentiment,TRAIN_en-UK,roberta_extension_mixture_of_adapters,TEST_en-AU,test,371,0.894878706199461,0.9046024724275845,0.8898376831902843,0.8929340466623749,fixed0.5,0.5
sentiment,TRAIN_en-UK,roberta_extension_mixture_of_adapters,TEST_en-IN,test,455,0.8241758241758241,0.8244197292069633,0.8240812304362948,0.8241070047935674,fixed0.5,0.5
sentiment,TRAIN_en-UK,roberta_extension_mixture_of_adapters,TEST_en-UK,test,386,0.9585492227979274,0.9595127484874676,0.9577324580284114,0.9583883573642367,fixed0.5,0.5
sarcasm,FULL,roberta_extension_mixture_of_adapters,TEST_FULL,test,612,0.7712418300653595,0.7070003167564143,0.7053711724759861,0.7061728395061728,fixed0.5,0.5
sarcasm,FULL,roberta_extension_mixture_of_adapters,TEST_Reddit,test,612,0.7712418300653595,0.7070003167564143,0.7053711724759861,0.7061728395061728,fixed0.5,0.5
sarcasm,FULL,roberta_extension_mixture_of_adapters,TEST_en-AU,test,241,0.7219917012448133,0.7165791447861966,0.7041725601131541,0.7072962929393638,fixed0.5,0.5
sarcasm,FULL,roberta_extension_mixture_of_adapters,TEST_en-IN,test,230,0.8347826086956521,0.6399039286326986,0.6321932241854433,0.6358333333333334,fixed0.5,0.5
sarcasm,FULL,roberta_extension_mixture_of_adapters,TEST_en-UK,test,141,0.75177304964539,0.6756292906178489,0.7250733137829912,0.687361419068736,fixed0.5,0.5
sarcasm,FULL,roberta_extension_mixture_of_adapters,TEST_FULL,test,612,0.7549019607843137,0.6980426335475906,0.7235437987620752,0.7067467416304626,fixed0.5,0.5
sarcasm,FULL,roberta_extension_mixture_of_adapters,TEST_Reddit,test,612,0.7549019607843137,0.6980426335475906,0.7235437987620752,0.7067467416304626,fixed0.5,0.5
sarcasm,FULL,roberta_extension_mixture_of_adapters,TEST_en-AU,test,241,0.6846473029045643,0.6824510614833195,0.6871994342291372,0.6817486794551015,fixed0.5,0.5
sarcasm,FULL,roberta_extension_mixture_of_adapters,TEST_en-IN,test,230,0.8565217391304348,0.6908333333333334,0.6856054465877776,0.6881548132626648,fixed0.5,0.5
sarcasm,FULL,roberta_extension_mixture_of_adapters,TEST_en-UK,test,141,0.7092198581560284,0.6519795657726692,0.709384164222874,0.654762615706181,fixed0.5,0.5
sarcasm,TRAIN_en-AU,roberta_extension_mixture_of_adapters,TEST_FULL,test,612,0.7581699346405228,0.6941749464250926,0.7042780821730635,0.6986425339366515,fixed0.5,0.5
sarcasm,TRAIN_en-AU,roberta_extension_mixture_of_adapters,TEST_Reddit,test,612,0.7581699346405228,0.6941749464250926,0.7042780821730635,0.6986425339366515,fixed0.5,0.5
sarcasm,TRAIN_en-AU,roberta_extension_mixture_of_adapters,TEST_en-AU,test,241,0.7551867219917012,0.7494572297003907,0.7437765205091937,0.7459304922719556,fixed0.5,0.5
sarcasm,TRAIN_en-AU,roberta_extension_mixture_of_adapters,TEST_en-IN,test,230,0.7956521739130434,0.5452616690240453,0.5414978116388394,0.5430914239824168,fixed0.5,0.5
sarcasm,TRAIN_en-AU,roberta_extension_mixture_of_adapters,TEST_en-UK,test,141,0.7021276595744681,0.6476744186046512,0.7048387096774194,0.6486710963455149,fixed0.5,0.5
sarcasm,TRAIN_en-IN,roberta_extension_mixture_of_adapters,TEST_FULL,test,612,0.7728758169934641,0.7069803705742066,0.684991870140872,0.693805048538098,fixed0.5,0.5
sarcasm,TRAIN_en-IN,roberta_extension_mixture_of_adapters,TEST_Reddit,test,612,0.7728758169934641,0.7069803705742066,0.684991870140872,0.693805048538098,fixed0.5,0.5
sarcasm,TRAIN_en-IN,roberta_extension_mixture_of_adapters,TEST_en-AU,test,241,0.6763485477178424,0.6700401606425703,0.6497171145685997,0.650958110516934,fixed0.5,0.5
sarcasm,TRAIN_en-IN,roberta_extension_mixture_of_adapters,TEST_en-IN,test,230,0.8608695652173913,0.7017344788458422,0.7017344788458422,0.7017344788458422,fixed0.5,0.5
sarcasm,TRAIN_en-IN,roberta_extension_mixture_of_adapters,TEST_en-UK,test,141,0.7943262411347518,0.7014048165137614,0.7060117302052786,0.7036312241791693,fixed0.5,0.5
sarcasm,TRAIN_en-UK,roberta_extension_mixture_of_adapters,TEST_FULL,test,612,0.7892156862745098,0.7316955061983471,0.6961277276018965,0.7092186826664899,fixed0.5,0.5
sarcasm,TRAIN_en-UK,roberta_extension_mixture_of_adapters,TEST_Reddit,test,612,0.7892156862745098,0.7316955061983471,0.6961277276018965,0.7092186826664899,fixed0.5,0.5
sarcasm,TRAIN_en-UK,roberta_extension_mixture_of_adapters,TEST_en-AU,test,241,0.7344398340248963,0.742046396023198,0.7066124469589816,0.7107276819204802,fixed0.5,0.5
sarcasm,TRAIN_en-UK,roberta_extension_mixture_of_adapters,TEST_en-IN,test,230,0.8608695652173913,0.6908212560386473,0.6472686010698654,0.6642948367086298,fixed0.5,0.5
sarcasm,TRAIN_en-UK,roberta_extension_mixture_of_adapters,TEST_en-UK,test,141,0.7659574468085106,0.6652006597031336,0.6762463343108505,0.6701169797943991,fixed0.5,0.5
