task,train_setting,variant,test_setting,split,variety_id,variety_name,n,acc,precision,recall,macro_f1,threshold_type,threshold
sentiment,FULL,roberta_extension_mixture_of_adapters,TEST_FULL,test,0,en-AU,371,0.9137466307277629,0.9131724338470486,0.914812868570094,0.9135651464849437,fixed0.5,0.5
sentiment,FULL,roberta_extension_mixture_of_adapters,TEST_FULL,test,1,en-IN,455,0.8131868131868132,0.8197738554881412,0.8136569154075047,0.8123711340206186,fixed0.5,0.5
sentiment,FULL,roberta_extension_mixture_of_adapters,TEST_FULL,test,2,en-UK,386,0.9430051813471503,0.9434466019417476,0.942396685320706,0.9428194354664943,fixed0.5,0.5
sentiment,FULL,roberta_extension_mixture_of_adapters,TEST_Google,test,0,en-AU,130,0.9538461538461539,0.9583333333333333,0.9212622549019608,0.9378188775510203,fixed0.5,0.5
sentiment,FULL,roberta_extension_mixture_of_adapters,TEST_Google,test,1,en-IN,225,0.84,0.8236842105263158,0.7247807017543859,0.754068496478018,fixed0.5,0.5
sentiment,FULL,roberta_extension_mixture_of_adapters,TEST_Google,test,2,en-UK,248,0.9395161290322581,0.9175890175890176,0.9220430107526882,0.9197843665768194,fixed0.5,0.5
sentiment,FULL,roberta_extension_mixture_of_adapters,TEST_Reddit,test,0,en-AU,241,0.8921161825726142,0.8730324074074074,0.8828397212543554,0.8775980621972184,fixed0.5,0.5
sentiment,FULL,roberta_extension_mixture_of_adapters,TEST_Reddit,test,1,en-IN,230,0.7869565217391304,0.7236024844720497,0.7489975942261428,0.7335130405996548,fixed0.5,0.5
sentiment,FULL,roberta_extension_mixture_of_adapters,TEST_Reddit,test,2,en-UK,138,0.9492753623188406,0.852869352869353,0.9441598360655737,0.8907610539409703,fixed0.5,0.5
sentiment,FULL,roberta_extension_mixture_of_adapters,TEST_en-AU,test,0,en-AU,371,0.9137466307277629,0.9131724338470486,0.914812868570094,0.9135651464849437,fixed0.5,0.5
sentiment,FULL,roberta_extension_mixture_of_adapters,TEST_en-IN,test,1,en-IN,455,0.8131868131868132,0.8197738554881412,0.8136569154075047,0.8123711340206186,fixed0.5,0.5
sentiment,FULL,roberta_extension_mixture_of_adapters,TEST_en-UK,test,2,en-UK,386,0.9430051813471503,0.9434466019417476,0.942396685320706,0.9428194354664943,fixed0.5,0.5
sentiment,Google,roberta_extension_mixture_of_adapters,TEST_FULL,test,0,en-AU,371,0.9083557951482479,0.908591598804851,0.9072079173235242,0.9077923976608187,fixed0.5,0.5
sentiment,Google,roberta_extension_mixture_of_adapters,TEST_FULL,test,1,en-IN,455,0.8417582417582418,0.8433632095603927,0.8419832283494996,0.8416289592760181,fixed0.5,0.5
sentiment,Google,roberta_extension_mixture_of_adapters,TEST_FULL,test,2,en-UK,386,0.9404145077720207,0.941515962479388,0.9394371502367628,0.9401635090415243,fixed0.5,0.5
sentiment,Google,roberta_extension_mixture_of_adapters,TEST_Google,test,0,en-AU,130,0.9538461538461539,0.9483418367346939,0.9307598039215685,0.9390815370196813,fixed0.5,0.5
sentiment,Google,roberta_extension_mixture_of_adapters,TEST_Google,test,1,en-IN,225,0.8622222222222222,0.8257142857142857,0.7976190476190477,0.80995068254271,fixed0.5,0.5
sentiment,Google,roberta_extension_mixture_of_adapters,TEST_Google,test,2,en-UK,248,0.9475806451612904,0.9282282282282281,0.9327956989247312,0.9304797843665769,fixed0.5,0.5
sentiment,Google,roberta_extension_mixture_of_adapters,TEST_Reddit,test,0,en-AU,241,0.8838174273858921,0.8725352112676057,0.8560738042445359,0.8634892377407348,fixed0.5,0.5
sentiment,Google,roberta_extension_mixture_of_adapters,TEST_Reddit,test,1,en-IN,230,0.8217391304347826,0.7643530812196686,0.7893945469125903,0.7748059701492538,fixed0.5,0.5
sentiment,Google,roberta_extension_mixture_of_adapters,TEST_Reddit,test,2,en-UK,138,0.927536231884058,0.8081140350877193,0.9318647540983607,0.853813559322034,fixed0.5,0.5
sentiment,Google,roberta_extension_mixture_of_adapters,TEST_en-AU,test,0,en-AU,371,0.9083557951482479,0.908591598804851,0.9072079173235242,0.9077923976608187,fixed0.5,0.5
sentiment,Google,roberta_extension_mixture_of_adapters,TEST_en-IN,test,1,en-IN,455,0.8417582417582418,0.8433632095603927,0.8419832283494996,0.8416289592760181,fixed0.5,0.5
sentiment,Google,roberta_extension_mixture_of_adapters,TEST_en-UK,test,2,en-UK,386,0.9404145077720207,0.941515962479388,0.9394371502367628,0.9401635090415243,fixed0.5,0.5
sentiment,Reddit,roberta_extension_mixture_of_adapters,TEST_FULL,test,0,en-AU,371,0.9029649595687331,0.9075756690428889,0.9072663046651486,0.9029642545771578,fixed0.5,0.5
sentiment,Reddit,roberta_extension_mixture_of_adapters,TEST_FULL,test,1,en-IN,455,0.7934065934065934,0.8200689133540634,0.7943540595895969,0.7893684500827358,fixed0.5,0.5
sentiment,Reddit,roberta_extension_mixture_of_adapters,TEST_FULL,test,2,en-UK,386,0.9300518134715026,0.9369858868194448,0.9273568661213947,0.9293303949822004,fixed0.5,0.5
sentiment,Reddit,roberta_extension_mixture_of_adapters,TEST_Google,test,0,en-AU,130,0.9153846153846154,0.9485981308411215,0.8382352941176471,0.8764151758707113,fixed0.5,0.5
sentiment,Reddit,roberta_extension_mixture_of_adapters,TEST_Google,test,1,en-IN,225,0.8222222222222222,0.8790240163515585,0.6549185463659148,0.6833661694342809,fixed0.5,0.5
sentiment,Reddit,roberta_extension_mixture_of_adapters,TEST_Google,test,2,en-UK,248,0.9354838709677419,0.9603960396039604,0.8709677419354839,0.905307369224895,fixed0.5,0.5
sentiment,Reddit,roberta_extension_mixture_of_adapters,TEST_Reddit,test,0,en-AU,241,0.8962655601659751,0.8745258243361541,0.90655685777637,0.8860994007221581,fixed0.5,0.5
sentiment,Reddit,roberta_extension_mixture_of_adapters,TEST_Reddit,test,1,en-IN,230,0.7652173913043478,0.7164890180878554,0.7687449879711308,0.7270569620253164,fixed0.5,0.5
sentiment,Reddit,roberta_extension_mixture_of_adapters,TEST_Reddit,test,2,en-UK,138,0.9202898550724637,0.7967032967032968,0.8734631147540983,0.8283387990500961,fixed0.5,0.5
sentiment,Reddit,roberta_extension_mixture_of_adapters,TEST_en-AU,test,0,en-AU,371,0.9029649595687331,0.9075756690428889,0.9072663046651486,0.9029642545771578,fixed0.5,0.5
sentiment,Reddit,roberta_extension_mixture_of_adapters,TEST_en-IN,test,1,en-IN,455,0.7934065934065934,0.8200689133540634,0.7943540595895969,0.7893684500827358,fixed0.5,0.5
sentiment,Reddit,roberta_extension_mixture_of_adapters,TEST_en-UK,test,2,en-UK,386,0.9300518134715026,0.9369858868194448,0.9273568661213947,0.9293303949822004,fixed0.5,0.5
sentiment,TRAIN_en-AU,roberta_extension_mixture_of_adapters,TEST_FULL,test,0,en-AU,371,0.9056603773584906,0.9051286539471382,0.9054125065685759,0.905263925874585,fixed0.5,0.5
sentiment,TRAIN_en-AU,roberta_extension_mixture_of_adapters,TEST_FULL,test,1,en-IN,455,0.8263736263736263,0.8332184225041368,0.8268443018897089,0.8256155245603396,fixed0.5,0.5
sentiment,TRAIN_en-AU,roberta_extension_mixture_of_adapters,TEST_FULL,test,2,en-UK,386,0.9481865284974094,0.9509889154531623,0.9466207490314249,0.9478716508210889,fixed0.5,0.5
sentiment,TRAIN_en-AU,roberta_extension_mixture_of_adapters,TEST_Google,test,0,en-AU,130,0.9461538461538461,0.9424894102313457,0.9160539215686274,0.9282051282051282,fixed0.5,0.5
sentiment,TRAIN_en-AU,roberta_extension_mixture_of_adapters,TEST_Google,test,1,en-IN,225,0.8577777777777778,0.8575187969924811,0.7482769423558897,0.7813942190915715,fixed0.5,0.5
sentiment,TRAIN_en-AU,roberta_extension_mixture_of_adapters,TEST_Google,test,2,en-UK,248,0.9596774193548387,0.967544864452081,0.924731182795699,0.9437386569872959,fixed0.5,0.5
sentiment,TRAIN_en-AU,roberta_extension_mixture_of_adapters,TEST_Reddit,test,0,en-AU,241,0.8838174273858921,0.8681526104417671,0.8629632562559393,0.8654704944178628,fixed0.5,0.5
sentiment,TRAIN_en-AU,roberta_extension_mixture_of_adapters,TEST_Reddit,test,1,en-IN,230,0.7956521739130434,0.7339544513457557,0.7605252606255013,0.7443900593506892,fixed0.5,0.5
sentiment,TRAIN_en-AU,roberta_extension_mixture_of_adapters,TEST_Reddit,test,2,en-UK,138,0.927536231884058,0.8122881355932203,0.8775614754098361,0.8402777777777778,fixed0.5,0.5
sentiment,TRAIN_en-AU,roberta_extension_mixture_of_adapters,TEST_en-AU,test,0,en-AU,371,0.9056603773584906,0.9051286539471382,0.9054125065685759,0.905263925874585,fixed0.5,0.5
sentiment,TRAIN_en-AU,roberta_extension_mixture_of_adapters,TEST_en-IN,test,1,en-IN,455,0.8263736263736263,0.8332184225041368,0.8268443018897089,0.8256155245603396,fixed0.5,0.5
sentiment,TRAIN_en-AU,roberta_extension_mixture_of_adapters,TEST_en-UK,test,2,en-UK,386,0.9481865284974094,0.9509889154531623,0.9466207490314249,0.9478716508210889,fixed0.5,0.5
sentiment,TRAIN_en-IN,roberta_extension_mixture_of_adapters,TEST_FULL,test,0,en-AU,371,0.9110512129380054,0.9162194394752534,0.9075436445378642,0.9098964504662306,fixed0.5,0.5
sentiment,TRAIN_en-IN,roberta_extension_mixture_of_adapters,TEST_FULL,test,1,en-IN,455,0.8351648351648352,0.835727839522906,0.8350272442709743,0.8350501012659451,fixed0.5,0.5
sentiment,TRAIN_en-IN,roberta_extension_mixture_of_adapters,TEST_FULL,test,2,en-UK,386,0.9430051813471503,0.942698259187621,0.9433652604390874,0.9429301075268817,fixed0.5,0.5
sentiment,TRAIN_en-IN,roberta_extension_mixture_of_adapters,TEST_Google,test,0,en-AU,130,0.9692307692307692,0.960171568627451,0.960171568627451,0.960171568627451,fixed0.5,0.5
sentiment,TRAIN_en-IN,roberta_extension_mixture_of_adapters,TEST_Google,test,1,en-IN,225,0.8311111111111111,0.7890365448504983,0.7362155388471179,0.7557142857142858,fixed0.5,0.5
sentiment,TRAIN_en-IN,roberta_extension_mixture_of_adapters,TEST_Google,test,2,en-UK,248,0.9435483870967742,0.924731182795699,0.924731182795699,0.924731182795699,fixed0.5,0.5
sentiment,TRAIN_en-IN,roberta_extension_mixture_of_adapters,TEST_Reddit,test,0,en-AU,241,0.8796680497925311,0.8864640883977901,0.8323566677225214,0.8521315984343595,fixed0.5,0.5
sentiment,TRAIN_en-IN,roberta_extension_mixture_of_adapters,TEST_Reddit,test,1,en-IN,230,0.8391304347826087,0.823076923076923,0.7210304731355253,0.7506665494711553,fixed0.5,0.5
sentiment,TRAIN_en-IN,roberta_extension_mixture_of_adapters,TEST_Reddit,test,2,en-UK,138,0.9420289855072463,0.8928571428571428,0.8043032786885246,0.8410138248847927,fixed0.5,0.5
sentiment,TRAIN_en-IN,roberta_extension_mixture_of_adapters,TEST_en-AU,test,0,en-AU,371,0.9110512129380054,0.9162194394752534,0.9075436445378642,0.9098964504662306,fixed0.5,0.5
sentiment,TRAIN_en-IN,roberta_extension_mixture_of_adapters,TEST_en-IN,test,1,en-IN,455,0.8351648351648352,0.835727839522906,0.8350272442709743,0.8350501012659451,fixed0.5,0.5
sentiment,TRAIN_en-IN,roberta_extension_mixture_of_adapters,TEST_en-UK,test,2,en-UK,386,0.9430051813471503,0.942698259187621,0.9433652604390874,0.9429301075268817,fixed0.5,0.5
sentiment,TRAIN_en-UK,roberta_extension_mixture_of_adapters,TEST_FULL,test,0,en-AU,371,0.894878706199461,0.9046024724275845,0.8898376831902843,0.8929340466623749,fixed0.5,0.5
sentiment,TRAIN_en-UK,roberta_extension_mixture_of_adapters,TEST_FULL,test,1,en-IN,455,0.8241758241758241,0.8244197292069633,0.8240812304362948,0.8241070047935674,fixed0.5,0.5
sentiment,TRAIN_en-UK,roberta_extension_mixture_of_adapters,TEST_FULL,test,2,en-UK,386,0.9585492227979274,0.9595127484874676,0.9577324580284114,0.9583883573642367,fixed0.5,0.5
sentiment,TRAIN_en-UK,roberta_extension_mixture_of_adapters,TEST_Google,test,0,en-AU,130,0.9538461538461539,0.9483418367346939,0.9307598039215685,0.9390815370196813,fixed0.5,0.5
sentiment,TRAIN_en-UK,roberta_extension_mixture_of_adapters,TEST_Google,test,1,en-IN,225,0.8444444444444444,0.8087016574585635,0.7567355889724311,0.7765894067916821,fixed0.5,0.5
sentiment,TRAIN_en-UK,roberta_extension_mixture_of_adapters,TEST_Google,test,2,en-UK,248,0.9596774193548387,0.9613095238095238,0.9301075268817205,0.9443996054165545,fixed0.5,0.5
sentiment,TRAIN_en-UK,roberta_extension_mixture_of_adapters,TEST_Reddit,test,0,en-AU,241,0.8630705394190872,0.8914659685863874,0.7960484637313905,0.8235998669180438,fixed0.5,0.5
sentiment,TRAIN_en-UK,roberta_extension_mixture_of_adapters,TEST_Reddit,test,1,en-IN,230,0.8043478260869565,0.74956369982548,0.6863472333600642,0.7060577660390219,fixed0.5,0.5
sentiment,TRAIN_en-UK,roberta_extension_mixture_of_adapters,TEST_Reddit,test,2,en-UK,138,0.9565217391304348,0.8939549180327868,0.8939549180327868,0.8939549180327868,fixed0.5,0.5
sentiment,TRAIN_en-UK,roberta_extension_mixture_of_adapters,TEST_en-AU,test,0,en-AU,371,0.894878706199461,0.9046024724275845,0.8898376831902843,0.8929340466623749,fixed0.5,0.5
sentiment,TRAIN_en-UK,roberta_extension_mixture_of_adapters,TEST_en-IN,test,1,en-IN,455,0.8241758241758241,0.8244197292069633,0.8240812304362948,0.8241070047935674,fixed0.5,0.5
sentiment,TRAIN_en-UK,roberta_extension_mixture_of_adapters,TEST_en-UK,test,2,en-UK,386,0.9585492227979274,0.9595127484874676,0.9577324580284114,0.9583883573642367,fixed0.5,0.5
sarcasm,FULL,roberta_extension_mixture_of_adapters,TEST_FULL,test,0,en-AU,241,0.7219917012448133,0.7165791447861966,0.7041725601131541,0.7072962929393638,fixed0.5,0.5
sarcasm,FULL,roberta_extension_mixture_of_adapters,TEST_FULL,test,1,en-IN,230,0.8347826086956521,0.6399039286326986,0.6321932241854433,0.6358333333333334,fixed0.5,0.5
sarcasm,FULL,roberta_extension_mixture_of_adapters,TEST_FULL,test,2,en-UK,141,0.75177304964539,0.6756292906178489,0.7250733137829912,0.687361419068736,fixed0.5,0.5
sarcasm,FULL,roberta_extension_mixture_of_adapters,TEST_Reddit,test,0,en-AU,241,0.7219917012448133,0.7165791447861966,0.7041725601131541,0.7072962929393638,fixed0.5,0.5
sarcasm,FULL,roberta_extension_mixture_of_adapters,TEST_Reddit,test,1,en-IN,230,0.8347826086956521,0.6399039286326986,0.6321932241854433,0.6358333333333334,fixed0.5,0.5
sarcasm,FULL,roberta_extension_mixture_of_adapters,TEST_Reddit,test,2,en-UK,141,0.75177304964539,0.6756292906178489,0.7250733137829912,0.687361419068736,fixed0.5,0.5
sarcasm,FULL,roberta_extension_mixture_of_adapters,TEST_en-AU,test,0,en-AU,241,0.7219917012448133,0.7165791447861966,0.7041725601131541,0.7072962929393638,fixed0.5,0.5
sarcasm,FULL,roberta_extension_mixture_of_adapters,TEST_en-IN,test,1,en-IN,230,0.8347826086956521,0.6399039286326986,0.6321932241854433,0.6358333333333334,fixed0.5,0.5
sarcasm,FULL,roberta_extension_mixture_of_adapters,TEST_en-UK,test,2,en-UK,141,0.75177304964539,0.6756292906178489,0.7250733137829912,0.687361419068736,fixed0.5,0.5
sarcasm,FULL,roberta_extension_mixture_of_adapters,TEST_FULL,test,0,en-AU,241,0.6846473029045643,0.6824510614833195,0.6871994342291372,0.6817486794551015,fixed0.5,0.5
sarcasm,FULL,roberta_extension_mixture_of_adapters,TEST_FULL,test,1,en-IN,230,0.8565217391304348,0.6908333333333334,0.6856054465877776,0.6881548132626648,fixed0.5,0.5
sarcasm,FULL,roberta_extension_mixture_of_adapters,TEST_FULL,test,2,en-UK,141,0.7092198581560284,0.6519795657726692,0.709384164222874,0.654762615706181,fixed0.5,0.5
sarcasm,FULL,roberta_extension_mixture_of_adapters,TEST_Reddit,test,0,en-AU,241,0.6846473029045643,0.6824510614833195,0.6871994342291372,0.6817486794551015,fixed0.5,0.5
sarcasm,FULL,roberta_extension_mixture_of_adapters,TEST_Reddit,test,1,en-IN,230,0.8565217391304348,0.6908333333333334,0.6856054465877776,0.6881548132626648,fixed0.5,0.5
sarcasm,FULL,roberta_extension_mixture_of_adapters,TEST_Reddit,test,2,en-UK,141,0.7092198581560284,0.6519795657726692,0.709384164222874,0.654762615706181,fixed0.5,0.5
sarcasm,FULL,roberta_extension_mixture_of_adapters,TEST_en-AU,test,0,en-AU,241,0.6846473029045643,0.6824510614833195,0.6871994342291372,0.6817486794551015,fixed0.5,0.5
sarcasm,FULL,roberta_extension_mixture_of_adapters,TEST_en-IN,test,1,en-IN,230,0.8565217391304348,0.6908333333333334,0.6856054465877776,0.6881548132626648,fixed0.5,0.5
sarcasm,FULL,roberta_extension_mixture_of_adapters,TEST_en-UK,test,2,en-UK,141,0.7092198581560284,0.6519795657726692,0.709384164222874,0.654762615706181,fixed0.5,0.5
sarcasm,TRAIN_en-AU,roberta_extension_mixture_of_adapters,TEST_FULL,test,0,en-AU,241,0.7551867219917012,0.7494572297003907,0.7437765205091937,0.7459304922719556,fixed0.5,0.5
sarcasm,TRAIN_en-AU,roberta_extension_mixture_of_adapters,TEST_FULL,test,1,en-IN,230,0.7956521739130434,0.5452616690240453,0.5414978116388394,0.5430914239824168,fixed0.5,0.5
sarcasm,TRAIN_en-AU,roberta_extension_mixture_of_adapters,TEST_FULL,test,2,en-UK,141,0.7021276595744681,0.6476744186046512,0.7048387096774194,0.6486710963455149,fixed0.5,0.5
sarcasm,TRAIN_en-AU,roberta_extension_mixture_of_adapters,TEST_Reddit,test,0,en-AU,241,0.7551867219917012,0.7494572297003907,0.7437765205091937,0.7459304922719556,fixed0.5,0.5
sarcasm,TRAIN_en-AU,roberta_extension_mixture_of_adapters,TEST_Reddit,test,1,en-IN,230,0.7956521739130434,0.5452616690240453,0.5414978116388394,0.5430914239824168,fixed0.5,0.5
sarcasm,TRAIN_en-AU,roberta_extension_mixture_of_adapters,TEST_Reddit,test,2,en-UK,141,0.7021276595744681,0.6476744186046512,0.7048387096774194,0.6486710963455149,fixed0.5,0.5
sarcasm,TRAIN_en-AU,roberta_extension_mixture_of_adapters,TEST_en-AU,test,0,en-AU,241,0.7551867219917012,0.7494572297003907,0.7437765205091937,0.7459304922719556,fixed0.5,0.5
sarcasm,TRAIN_en-AU,roberta_extension_mixture_of_adapters,TEST_en-IN,test,1,en-IN,230,0.7956521739130434,0.5452616690240453,0.5414978116388394,0.5430914239824168,fixed0.5,0.5
sarcasm,TRAIN_en-AU,roberta_extension_mixture_of_adapters,TEST_en-UK,test,2,en-UK,141,0.7021276595744681,0.6476744186046512,0.7048387096774194,0.6486710963455149,fixed0.5,0.5
sarcasm,TRAIN_en-IN,roberta_extension_mixture_of_adapters,TEST_FULL,test,0,en-AU,241,0.6763485477178424,0.6700401606425703,0.6497171145685997,0.650958110516934,fixed0.5,0.5
sarcasm,TRAIN_en-IN,roberta_extension_mixture_of_adapters,TEST_FULL,test,1,en-IN,230,0.8608695652173913,0.7017344788458422,0.7017344788458422,0.7017344788458422,fixed0.5,0.5
sarcasm,TRAIN_en-IN,roberta_extension_mixture_of_adapters,TEST_FULL,test,2,en-UK,141,0.7943262411347518,0.7014048165137614,0.7060117302052786,0.7036312241791693,fixed0.5,0.5
sarcasm,TRAIN_en-IN,roberta_extension_mixture_of_adapters,TEST_Reddit,test,0,en-AU,241,0.6763485477178424,0.6700401606425703,0.6497171145685997,0.650958110516934,fixed0.5,0.5
sarcasm,TRAIN_en-IN,roberta_extension_mixture_of_adapters,TEST_Reddit,test,1,en-IN,230,0.8608695652173913,0.7017344788458422,0.7017344788458422,0.7017344788458422,fixed0.5,0.5
sarcasm,TRAIN_en-IN,roberta_extension_mixture_of_adapters,TEST_Reddit,test,2,en-UK,141,0.7943262411347518,0.7014048165137614,0.7060117302052786,0.7036312241791693,fixed0.5,0.5
sarcasm,TRAIN_en-IN,roberta_extension_mixture_of_adapters,TEST_en-AU,test,0,en-AU,241,0.6763485477178424,0.6700401606425703,0.6497171145685997,0.650958110516934,fixed0.5,0.5
sarcasm,TRAIN_en-IN,roberta_extension_mixture_of_adapters,TEST_en-IN,test,1,en-IN,230,0.8608695652173913,0.7017344788458422,0.7017344788458422,0.7017344788458422,fixed0.5,0.5
sarcasm,TRAIN_en-IN,roberta_extension_mixture_of_adapters,TEST_en-UK,test,2,en-UK,141,0.7943262411347518,0.7014048165137614,0.7060117302052786,0.7036312241791693,fixed0.5,0.5
sarcasm,TRAIN_en-UK,roberta_extension_mixture_of_adapters,TEST_FULL,test,0,en-AU,241,0.7344398340248963,0.742046396023198,0.7066124469589816,0.7107276819204802,fixed0.5,0.5
sarcasm,TRAIN_en-UK,roberta_extension_mixture_of_adapters,TEST_FULL,test,1,en-IN,230,0.8608695652173913,0.6908212560386473,0.6472686010698654,0.6642948367086298,fixed0.5,0.5
sarcasm,TRAIN_en-UK,roberta_extension_mixture_of_adapters,TEST_FULL,test,2,en-UK,141,0.7659574468085106,0.6652006597031336,0.6762463343108505,0.6701169797943991,fixed0.5,0.5
sarcasm,TRAIN_en-UK,roberta_extension_mixture_of_adapters,TEST_Reddit,test,0,en-AU,241,0.7344398340248963,0.742046396023198,0.7066124469589816,0.7107276819204802,fixed0.5,0.5
sarcasm,TRAIN_en-UK,roberta_extension_mixture_of_adapters,TEST_Reddit,test,1,en-IN,230,0.8608695652173913,0.6908212560386473,0.6472686010698654,0.6642948367086298,fixed0.5,0.5
sarcasm,TRAIN_en-UK,roberta_extension_mixture_of_adapters,TEST_Reddit,test,2,en-UK,141,0.7659574468085106,0.6652006597031336,0.6762463343108505,0.6701169797943991,fixed0.5,0.5
sarcasm,TRAIN_en-UK,roberta_extension_mixture_of_adapters,TEST_en-AU,test,0,en-AU,241,0.7344398340248963,0.742046396023198,0.7066124469589816,0.7107276819204802,fixed0.5,0.5
sarcasm,TRAIN_en-UK,roberta_extension_mixture_of_adapters,TEST_en-IN,test,1,en-IN,230,0.8608695652173913,0.6908212560386473,0.6472686010698654,0.6642948367086298,fixed0.5,0.5
sarcasm,TRAIN_en-UK,roberta_extension_mixture_of_adapters,TEST_en-UK,test,2,en-UK,141,0.7659574468085106,0.6652006597031336,0.6762463343108505,0.6701169797943991,fixed0.5,0.5
